Name,IMDB Link,IMDB Headshot,Wikipedia Link,Wikipedia Headshot
Aaron Shure,,,https://en.wikipedia.org/wiki/Aaron_Shure,Not Found
Adam Bernstein,,,https://en.wikipedia.org/wiki/Adam_Bernstein,Not Found
Adam Countee,,,"https://en.wikipedia.org/wiki/History_of_the_World,_Part_II",Not Found
Adam Davidson,,,https://en.wikipedia.org/wiki/Adam_Davidson,Not Found
Adam Scott,,,https://en.wikipedia.org/wiki/Adam_Scott_(actor),https://upload.wikimedia.org/wikipedia/commons/thumb/9/98/AdamScott.jpg/500px-AdamScott.jpg
Aisha Muharrar,,,https://en.wikipedia.org/wiki/Aisha_Muharrar,Not Found
Alan Yang,,,https://en.wikipedia.org/wiki/Alan_Yang,https://upload.wikimedia.org/wikipedia/commons/thumb/6/6d/Alan_Yang_at_the_75th_Annual_Peabody_Awards_for_Master_of_None_%28cropped%29.jpg/500px-Alan_Yang_at_the_75th_Annual_Peabody_Awards_for_Master_of_None_%28cropped%29.jpg
Alex Cooley,,,https://en.wikipedia.org/wiki/Alex_Cooley's_Electric_Ballroom,Not Found
Alex Cuthbertson,,,https://en.wikipedia.org/wiki/Alex_Cuthbertson,Not Found
Alex Hardcastle,,,https://en.wikipedia.org/wiki/Alex_Hardcastle,Not Found
Alex Rubens,,,https://en.wikipedia.org/wiki/Alex_Rubens,Not Found
Alexandra Rushfield,,,https://en.wikipedia.org/wiki/Love_(TV_series),Not Found
Allison Silverman,,,https://en.wikipedia.org/wiki/Allison_Silverman,Not Found
Amelie Gillette,,,https://en.wikipedia.org/wiki/Amelie_Gillette,Not Found
Amy Heckerling,,,https://en.wikipedia.org/wiki/Amy_Heckerling,https://upload.wikimedia.org/wikipedia/commons/thumb/e/e9/Amy_Heckerling.jpg/500px-Amy_Heckerling.jpg
Amy Poehler,,,https://en.wikipedia.org/wiki/Amy_Poehler,https://upload.wikimedia.org/wikipedia/commons/thumb/d/df/Amy_Poehler_%2853671989427%29_cropped.jpg/500px-Amy_Poehler_%2853671989427%29_cropped.jpg
Andrew Guest,,,https://en.wikipedia.org/wiki/Andrew_Guest,Not Found
Andy Bobrow,,,https://en.wikipedia.org/wiki/Andy_Bobrow,https://upload.wikimedia.org/wikipedia/commons/thumb/0/03/Andy_Bobrow_%287592263654%29.jpg/500px-Andy_Bobrow_%287592263654%29.jpg
Annie Mebane,,,https://en.wikipedia.org/wiki/Community_season_4,Not Found
Anthony Hemingway,,,https://en.wikipedia.org/wiki/Anthony_Hemingway,Not Found
Anthony Q. Farrell,,,https://en.wikipedia.org/wiki/Anthony_Q._Farrell,Not Found
Anthony Russo,,,https://en.wikipedia.org/wiki/Russo_brothers,https://upload.wikimedia.org/wikipedia/commons/thumb/f/f1/Joe_Russo_%26_Anthony_Russo_by_Gage_Skidmore.jpg/500px-Joe_Russo_%26_Anthony_Russo_by_Gage_Skidmore.jpg
Asaad Kelada,,,https://en.wikipedia.org/wiki/Asaad_Kelada,https://upload.wikimedia.org/wikipedia/commons/8/8d/Asaad_Kelada.jpg
B. J. Novak,,,https://en.wikipedia.org/wiki/B._J._Novak,https://upload.wikimedia.org/wikipedia/commons/thumb/7/76/B.J._Novak%2C_Actor.jpg/500px-B.J._Novak%2C_Actor.jpg
Ben Wexler,,,https://en.wikipedia.org/wiki/Nikki_(TV_series),https://upload.wikimedia.org/wikipedia/commons/thumb/c/c9/Nikki_%28Mohawk_Productions%29_logo.svg/500px-Nikki_%28Mohawk_Productions%29_logo.svg.png
Beth McCarthy-Miller,,,https://en.wikipedia.org/wiki/Beth_McCarthy-Miller,Not Found
Bobcat Goldthwait,,,https://en.wikipedia.org/wiki/Bobcat_Goldthwait,https://upload.wikimedia.org/wikipedia/commons/thumb/2/21/Bobcat_Goldthwait_May_2015.jpg/500px-Bobcat_Goldthwait_May_2015.jpg
Brent Forrester,,,https://en.wikipedia.org/wiki/Brent_Forrester,Not Found
Brett Baer,,,https://en.wikipedia.org/wiki/Brett_Baer,https://upload.wikimedia.org/wikipedia/commons/thumb/d/d6/Brett_Baer_at_Paleyfest_2012.jpg/500px-Brett_Baer_at_Paleyfest_2012.jpg
Brian Baumgartner,,,https://en.wikipedia.org/wiki/Brian_Baumgartner,https://upload.wikimedia.org/wikipedia/commons/thumb/e/e5/Brian_Baumgartner_visits_Camp_Pendleton_%282%29_%28cropped%29.jpg/500px-Brian_Baumgartner_visits_Camp_Pendleton_%282%29_%28cropped%29.jpg
Brian Rowe,,,https://en.wikipedia.org/wiki/Brian_Rowe,https://upload.wikimedia.org/wikipedia/commons/thumb/6/6e/Brian_Rowe_LA_Galaxy.JPG/500px-Brian_Rowe_LA_Galaxy.JPG
Briggs Hatton,,,https://en.wikipedia.org/wiki/Joe_Bob_Briggs,https://upload.wikimedia.org/wikipedia/commons/thumb/9/9b/Joe_Bob_Briggs_%282018%2C_crop%29.jpg/500px-Joe_Bob_Briggs_%282018%2C_crop%29.jpg
Bryan Cranston,,,https://en.wikipedia.org/wiki/Bryan_Cranston,https://upload.wikimedia.org/wikipedia/commons/thumb/6/60/BryanCranston2022.jpg/500px-BryanCranston2022.jpg
Bryan Gordon,,,https://en.wikipedia.org/wiki/Bryan_Gordon,Not Found
Carol Kolb,,,https://en.wikipedia.org/wiki/Carol_Kolb,https://upload.wikimedia.org/wikipedia/commons/thumb/2/29/CarolKolb2023.jpg/500px-CarolKolb2023.jpg
Caroline Williams,,,https://en.wikipedia.org/wiki/Caroline_Williams,Not Found
Carrie Kemper,,,https://en.wikipedia.org/wiki/Carrie_Kemper,Not Found
Charles McDougall,,,https://en.wikipedia.org/wiki/Charles_McDougall,Not Found
Charlie Grandy,,,https://en.wikipedia.org/wiki/Charlie_Grandy,Not Found
Chelsea Peretti,,,https://en.wikipedia.org/wiki/Chelsea_Peretti,https://upload.wikimedia.org/wikipedia/commons/thumb/1/1f/Chelsea_Peretti_at_Meltdown_%28cropped%29.jpg/500px-Chelsea_Peretti_at_Meltdown_%28cropped%29.jpg
Chris Kula,,,https://en.wikipedia.org/wiki/Star_Trek:_Lower_Decks,Not Found
Chris McKenna,,,https://en.wikipedia.org/wiki/Chris_McKenna_(actor),Not Found
Claire Cowperthwaite,,,https://en.wikipedia.org/wiki/Kidnapped_by_Danger,Not Found
Claire Scanlon,,,https://en.wikipedia.org/wiki/Claire_Scanlon,Not Found
Clay Lapari,,,https://en.wikipedia.org/wiki/ICarly_(2021_TV_series),https://upload.wikimedia.org/wikipedia/commons/thumb/c/cf/ICarly_2021_Title.png/500px-ICarly_2021_Title.png
Colleen McGuinness,,,https://en.wikipedia.org/wiki/Colleen_McGuinness,Not Found
Constantine Makris,,,https://en.wikipedia.org/wiki/Constantine_Makris,Not Found
Craig Zisk,,,https://en.wikipedia.org/wiki/Craig_Zisk,Not Found
Daisy Gardner,,,https://en.wikipedia.org/wiki/Daisy_Gardner,Not Found
Dan Eckman,,,https://en.wikipedia.org/wiki/Dan_Eckman,Not Found
Dan Goor,,,https://en.wikipedia.org/wiki/Dan_Goor,Not Found
Dan Greaney,,,https://en.wikipedia.org/wiki/Dan_Greaney,Not Found
Dan Guterman,,,https://en.wikipedia.org/wiki/Dan_Guterman,Not Found
Dan Harmon,,,https://en.wikipedia.org/wiki/Dan_Harmon,https://upload.wikimedia.org/wikipedia/commons/thumb/a/a7/Dan_Harmon_%2827931105063%29_cropped.jpg/500px-Dan_Harmon_%2827931105063%29_cropped.jpg
Dan Sterling,,,https://en.wikipedia.org/wiki/Dan_Sterling,Not Found
Daniel Chun,,,https://en.wikipedia.org/wiki/Daniel_Chun,Not Found
Danny Leiner,,,https://en.wikipedia.org/wiki/Danny_Leiner,https://upload.wikimedia.org/wikipedia/commons/thumb/2/29/CFC_in_L.A._43_%285515996366%29_%28cropped%29.jpg/500px-CFC_in_L.A._43_%285515996366%29_%28cropped%29.jpg
Dave Finkel,,,https://en.wikipedia.org/wiki/Dave_Finkel,https://upload.wikimedia.org/wikipedia/commons/thumb/8/8e/Dave_Finkel_at_Paleyfest_2012.jpg/500px-Dave_Finkel_at_Paleyfest_2012.jpg
Dave King,,,https://en.wikipedia.org/wiki/Dave_King_(singer),https://upload.wikimedia.org/wikipedia/commons/thumb/9/97/Flogging_Molly_-_Reload_Festival_2018_18.jpg/500px-Flogging_Molly_-_Reload_Festival_2018_18.jpg
David Rogers,,,https://en.wikipedia.org/wiki/David_Rogers,Not Found
Dean Holland,,,https://en.wikipedia.org/wiki/Dean_Holland,Not Found
Dean Young,,,https://en.wikipedia.org/wiki/Dean_Young,Not Found
Dennie Gordon,,,https://en.wikipedia.org/wiki/Dennie_Gordon,https://upload.wikimedia.org/wikipedia/commons/thumb/1/12/Dennie_Gordon_on_set.jpg/500px-Dennie_Gordon_on_set.jpg
Dino Stamatopoulos,,,https://en.wikipedia.org/wiki/Dino_Stamatopoulos,https://upload.wikimedia.org/wikipedia/commons/thumb/a/a6/Dino_Stamatopoulos_%2823924314963%29.jpg/500px-Dino_Stamatopoulos_%2823924314963%29.jpg
Don Scardino,,,https://en.wikipedia.org/wiki/Don_Scardino,Not Found
Donald Diego,,,https://en.wikipedia.org/wiki/The_Wedding_Year,Not Found
Donald Glover,,,https://en.wikipedia.org/wiki/Donald_Glover,https://upload.wikimedia.org/wikipedia/commons/thumb/2/2a/Donald_Glover_TIFF_2015.jpg/500px-Donald_Glover_TIFF_2015.jpg
Donick Cary,,,https://en.wikipedia.org/wiki/Donick_Cary,Not Found
Duke Johnson,,,https://en.wikipedia.org/wiki/Duke_Johnson,https://upload.wikimedia.org/wikipedia/commons/thumb/0/04/Duke_Johnson_2016.jpg/500px-Duke_Johnson_2016.jpg
Dylan Morgan,,,https://en.wikipedia.org/wiki/Dylan_Morgan,https://upload.wikimedia.org/wikipedia/commons/0/05/Dylan_Morgan.jpg
Ed Helms,,,https://en.wikipedia.org/wiki/Ed_Helms,https://upload.wikimedia.org/wikipedia/commons/thumb/6/60/Ed_Helms_Obvious_Child_Premiere_2014_%28cropped%29.jpg/500px-Ed_Helms_Obvious_Child_Premiere_2014_%28cropped%29.jpg
Emily Cutler,,,https://en.wikipedia.org/wiki/Chelsea_Cutler,Not Found
Emily Kapnek,,,https://en.wikipedia.org/wiki/Emily_Kapnek,Not Found
Emily Spivey,,,https://en.wikipedia.org/wiki/Emily_Spivey,Not Found
Emma Fletcher,,,https://en.wikipedia.org/wiki/Emma_Fletcher,Not Found
Eric Appel,,,https://en.wikipedia.org/wiki/Eric_Appel,Not Found
Erik Sommers,,,https://en.wikipedia.org/wiki/Erik_Sommers,Not Found
Fred Goss,,,https://en.wikipedia.org/wiki/Fred_Goss,Not Found
Gabe Miller,,,https://en.wikipedia.org/wiki/Gabe_Miller,https://upload.wikimedia.org/wikipedia/commons/thumb/1/1e/Gabe_Miller_Oregon_State.jpg/500px-Gabe_Miller_Oregon_State.jpg
Gail Mancuso,,,https://en.wikipedia.org/wiki/Gail_Mancuso,Not Found
Garrett Donovan,,,https://en.wikipedia.org/wiki/Neil_Goldman_and_Garrett_Donovan,Not Found
Gene Hong,,,https://en.wikipedia.org/wiki/Gene_Hong,Not Found
Gene Stupnitsky,,,https://en.wikipedia.org/wiki/Gene_Stupnitsky,Not Found
Graham Wagner,,,https://en.wikipedia.org/wiki/Fallout_(American_TV_series),Not Found
Greg Daniels,,,https://en.wikipedia.org/wiki/Greg_Daniels,https://upload.wikimedia.org/wikipedia/commons/0/0d/Greg_Daniels_Spain.jpg
Greg Levine,,,https://en.wikipedia.org/wiki/Alice_Levine,Not Found
Halsted Sullivan,,,https://en.wikipedia.org/wiki/Halsted_Sullivan,Not Found
Hannibal Buress,,,https://en.wikipedia.org/wiki/Hannibal_Buress,https://upload.wikimedia.org/wikipedia/commons/d/d2/Hannibal_at_the_RISE_Hong_Kong_Convention%2C_2019_%28cropped%29.jpg
Harold Ramis,,,https://en.wikipedia.org/wiki/Harold_Ramis,https://upload.wikimedia.org/wikipedia/commons/6/6d/Harold_Ramis_Oct_2009.jpg
Harris Wittels,,,https://en.wikipedia.org/wiki/Harris_Wittels,Not Found
Hilary Winston,,,https://en.wikipedia.org/wiki/Goosebumps_(2023_TV_series),https://upload.wikimedia.org/wikipedia/commons/thumb/5/55/Goosebumps_%28Disney%2B_and_Hulu_series%29_logo.svg/500px-Goosebumps_%28Disney%2B_and_Hulu_series%29_logo.svg.png
Hunter Covington,,,https://en.wikipedia.org/wiki/List_of_My_Name_Is_Earl_episodes,Not Found
J. J. Abrams,,,https://en.wikipedia.org/wiki/J._J._Abrams,https://upload.wikimedia.org/wikipedia/commons/thumb/3/33/J._J._Abrams_San_Diego_Comic_Con_International_2015.jpg/500px-J._J._Abrams_San_Diego_Comic_Con_International_2015.jpg
Jack Burditt,,,https://en.wikipedia.org/wiki/Jack_Burditt,Not Found
Jack Kukoda,,,https://en.wikipedia.org/wiki/Movie_43,Not Found
James E. Sheridan,,,https://en.wikipedia.org/wiki/James_E._Sheridan,https://upload.wikimedia.org/wikipedia/commons/thumb/4/40/James_E._Sheridan.jpg/500px-James_E._Sheridan.jpg
Jason Kessler,,,https://en.wikipedia.org/wiki/Jason_Kessler,https://upload.wikimedia.org/wikipedia/commons/thumb/f/f4/Jason_Kessler_%28cropped%29.jpg/500px-Jason_Kessler_%28cropped%29.jpg
Jason Reitman,,,https://en.wikipedia.org/wiki/Jason_Reitman,https://upload.wikimedia.org/wikipedia/commons/thumb/6/68/Jason_Reitman_at_2024_Telluride_Film_Festival_for_Saturday_Night_02_%28cropped%29.jpg/500px-Jason_Reitman_at_2024_Telluride_Film_Festival_for_Saturday_Night_02_%28cropped%29.jpg
Jason Woliner,,,https://en.wikipedia.org/wiki/Jason_Woliner,https://upload.wikimedia.org/wikipedia/commons/thumb/9/9f/Jason_Woliner_by_Gage_Skidmore.jpg/500px-Jason_Woliner_by_Gage_Skidmore.jpg
Jay Chandrasekhar,,,https://en.wikipedia.org/wiki/Jay_Chandrasekhar,Not Found
Jay Karas,,,https://en.wikipedia.org/wiki/Jay_Karas,Not Found
Jeff Melman,,,https://en.wikipedia.org/wiki/Jeff_Melman,Not Found
Jeff Richmond,,,https://en.wikipedia.org/wiki/Jeff_Richmond,https://upload.wikimedia.org/wikipedia/commons/thumb/d/d2/JeffRichmond-byPhilipRomano.jpg/500px-JeffRichmond-byPhilipRomano.jpg
Jeffrey Blitz,,,https://en.wikipedia.org/wiki/Jeffrey_Blitz,https://upload.wikimedia.org/wikipedia/commons/thumb/3/3f/Blitz_Headshot.jpg/500px-Blitz_Headshot.jpg
Jen Statsky,,,https://en.wikipedia.org/wiki/Jen_Statsky,https://upload.wikimedia.org/wikipedia/commons/thumb/7/73/Jenstatsky_2021_%28cropped%29.jpg/500px-Jenstatsky_2021_%28cropped%29.jpg
Jennifer Celotta,,,https://en.wikipedia.org/wiki/Jennifer_Celotta,Not Found
Jesse Peretz,,,https://en.wikipedia.org/wiki/Jesse_Peretz,Not Found
Jessie Miller,,,https://en.wikipedia.org/wiki/Jessie_Miller,https://upload.wikimedia.org/wikipedia/commons/4/46/Billandchubbie.jpg
Jim Rash,,,https://en.wikipedia.org/wiki/Jim_Rash,https://upload.wikimedia.org/wikipedia/commons/thumb/5/53/Jim_Rash_by_Gage_Skidmore_%28cropped%29.jpg/500px-Jim_Rash_by_Gage_Skidmore_%28cropped%29.jpg
Joe Mande,,,https://en.wikipedia.org/wiki/Joe_Mande,https://upload.wikimedia.org/wikipedia/commons/thumb/e/e4/Joe_Mande.jpg/500px-Joe_Mande.jpg
Joe Russo,,,https://en.wikipedia.org/wiki/Russo_brothers,https://upload.wikimedia.org/wikipedia/commons/thumb/f/f1/Joe_Russo_%26_Anthony_Russo_by_Gage_Skidmore.jpg/500px-Joe_Russo_%26_Anthony_Russo_by_Gage_Skidmore.jpg
John Krasinski,,,https://en.wikipedia.org/wiki/John_Krasinski,https://upload.wikimedia.org/wikipedia/commons/thumb/e/ed/John_Krasinski_2022.jpg/500px-John_Krasinski_2022.jpg
John Riggi,,,https://en.wikipedia.org/wiki/John_Riggi,https://upload.wikimedia.org/wikipedia/commons/thumb/3/36/John_Riggi.jpg/500px-John_Riggi.jpg
John Stuart Scott,,,https://en.wikipedia.org/wiki/John_Stuart_Scott,https://upload.wikimedia.org/wikipedia/commons/thumb/2/22/Director_John_Stuart_Scott.jpg/500px-Director_John_Stuart_Scott.jpg
Jon Favreau,,,https://en.wikipedia.org/wiki/Jon_Favreau,https://upload.wikimedia.org/wikipedia/commons/thumb/e/eb/Jon_Favreau_2016.jpeg/500px-Jon_Favreau_2016.jpeg
Jon Haller,,,https://en.wikipedia.org/wiki/Jon_Hall,Not Found
Jon Pollack,,,https://en.wikipedia.org/wiki/Finale_(Modern_Family),Not Found
Jon Vitti,,,https://en.wikipedia.org/wiki/Jon_Vitti,Not Found
Jonathan Green,,,https://en.wikipedia.org/wiki/Jonathan_Green,Not Found
Jonathan Hughes,,,https://en.wikipedia.org/wiki/Jonathan_Hughes,Not Found
Jordan Blum,,,https://en.wikipedia.org/wiki/Jordan_Blum,Not Found
Jorma Taccone,,,https://en.wikipedia.org/wiki/Jorma_Taccone,https://upload.wikimedia.org/wikipedia/commons/thumb/f/fd/Jorma_Taccone_by_Gage_Skidmore.jpg/500px-Jorma_Taccone_by_Gage_Skidmore.jpg
Josh Siegal,,,https://en.wikipedia.org/wiki/List_of_awards_and_nominations_received_by_The_Good_Place,https://upload.wikimedia.org/wikipedia/commons/thumb/7/7e/The_Good_Place_title_card.svg/500px-The_Good_Place_title_card.svg.png
Joss Whedon,,,https://en.wikipedia.org/wiki/Joss_Whedon,https://upload.wikimedia.org/wikipedia/commons/thumb/c/c3/Joss_Whedon_by_Gage_Skidmore_8.jpg/500px-Joss_Whedon_by_Gage_Skidmore_8.jpg
Juan J. Campanella,,,https://en.wikipedia.org/wiki/Juan_Jos√©_Campanella,https://upload.wikimedia.org/wikipedia/commons/thumb/7/7f/Juan_Jos%C3%A9_Camapanella_2019.jpg/500px-Juan_Jos%C3%A9_Camapanella_2019.jpg
Julian Farino,,,https://en.wikipedia.org/wiki/Julian_Farino,Not Found
Julie Anne Robinson,,,https://en.wikipedia.org/wiki/Julie_Anne_Robinson,Not Found
Justin Lin,,,https://en.wikipedia.org/wiki/Justin_Lin,https://upload.wikimedia.org/wikipedia/commons/thumb/a/a7/Justin_Lin_at_the_2025_Sundance_Film_Festival_%28cropped%29.jpg/500px-Justin_Lin_at_the_2025_Sundance_Film_Festival_%28cropped%29.jpg
Justin Spitzer,,,https://en.wikipedia.org/wiki/Justin_Spitzer,Not Found
Karey Dornetto,,,https://en.wikipedia.org/wiki/Karey_Dornetto,https://upload.wikimedia.org/wikipedia/commons/thumb/1/12/Karey_Dornetto.PNG/500px-Karey_Dornetto.PNG
Katie Dippold,,,https://en.wikipedia.org/wiki/Katie_Dippold,Not Found
Kay Cannon,,,https://en.wikipedia.org/wiki/Kay_Cannon,https://upload.wikimedia.org/wikipedia/commons/thumb/4/4b/Kay_Cannon_at_SXSW_Red_Carpet_premiere_of_BLOCKERS_%2826876904668%29_%28cropped%29.jpg/500px-Kay_Cannon_at_SXSW_Red_Carpet_premiere_of_BLOCKERS_%2826876904668%29_%28cropped%29.jpg
Kelly Cantley,,,https://en.wikipedia.org/wiki/List_of_The_Office_(American_TV_series)_episodes,Not Found
Ken Kwapis,,,https://en.wikipedia.org/wiki/Ken_Kwapis,https://upload.wikimedia.org/wikipedia/commons/4/44/Ken_Kwapis_2008.jpg
Ken Whittingham,,,https://en.wikipedia.org/wiki/Ken_Whittingham,Not Found
Kevin Rodney Sullivan,,,https://en.wikipedia.org/wiki/Kevin_Rodney_Sullivan,Not Found
Kyle Newacheck,,,https://en.wikipedia.org/wiki/Kyle_Newacheck,Not Found
Lang Fisher,,,https://en.wikipedia.org/wiki/Isla_Fisher,https://upload.wikimedia.org/wikipedia/commons/a/ab/Isla_Fisher_2013.jpg
Larry Wilmore,,,https://en.wikipedia.org/wiki/Larry_Wilmore,https://upload.wikimedia.org/wikipedia/commons/thumb/2/2c/Larry_Wilmore_by_Gage_Skidmore.jpg/500px-Larry_Wilmore_by_Gage_Skidmore.jpg
Lauren Gurganous,,,https://en.wikipedia.org/wiki/Girls5eva,Not Found
Lauren Pomerantz,,,https://en.wikipedia.org/wiki/Am_I_OK?,Not Found
Lee Eisenberg,,,https://en.wikipedia.org/wiki/Lee_Eisenberg,Not Found
Lee Kirk,,,https://en.wikipedia.org/wiki/Tommy_Kirk,https://upload.wikimedia.org/wikipedia/commons/thumb/d/de/TommyKirk_Flubber.jpg/500px-TommyKirk_Flubber.jpg
Lester Lewis,,,https://en.wikipedia.org/wiki/Lester_Lewis,Not Found
Linda Mendoza,,,https://en.wikipedia.org/wiki/Linda_Mendoza,Not Found
Liz Cackowski,,,https://en.wikipedia.org/wiki/Liz_Cackowski,Not Found
Luke Del Tredici,,,https://en.wikipedia.org/wiki/The_Last_Day_(Brooklyn_Nine-Nine),Not Found
Maggie Bandur,,,https://en.wikipedia.org/wiki/Maggie_Bandur,Not Found
Marc Webb,,,https://en.wikipedia.org/wiki/Marc_Webb,https://upload.wikimedia.org/wikipedia/commons/thumb/2/2f/Marc_Webb_by_Gage_Skidmore_2.jpg/500px-Marc_Webb_by_Gage_Skidmore_2.jpg
Mark Stegemann,,,https://en.wikipedia.org/wiki/Somewhere_in_Queens,Not Found
Matt Fusfeld,,,https://en.wikipedia.org/wiki/List_of_New_Girl_episodes,Not Found
Matt Hubbard,,,https://en.wikipedia.org/wiki/Matt_Hubbard,https://upload.wikimedia.org/wikipedia/commons/thumb/2/24/Matt_Hubbard.jpg/500px-Matt_Hubbard.jpg
Matt Lawton,,,https://en.wikipedia.org/wiki/Matt_Lawton,Not Found
Matt Murray,,,"https://en.wikipedia.org/wiki/Matt_Murray_(ice_hockey,_born_1994)",https://upload.wikimedia.org/wikipedia/commons/thumb/e/ea/Matt_Murray_1_2016-03-01.JPG/500px-Matt_Murray_1_2016-03-01.JPG
Matt Roller,,,https://en.wikipedia.org/wiki/Archer_season_14,Not Found
Matt Sohn,,,https://en.wikipedia.org/wiki/List_of_Abbott_Elementary_episodes,https://upload.wikimedia.org/wikipedia/commons/thumb/c/cc/AbbottElementary.png/500px-AbbottElementary.png
Matt Warburton,,,https://en.wikipedia.org/wiki/Matt_Warburton,https://upload.wikimedia.org/wikipedia/commons/thumb/e/e0/Matt_Warburton_by_Gage_Skidmore.jpg/500px-Matt_Warburton_by_Gage_Skidmore.jpg
Megan Amram,,,https://en.wikipedia.org/wiki/Megan_Amram,https://upload.wikimedia.org/wikipedia/commons/thumb/a/a5/Megan_Amram_in_2012_%28cropped%29.jpg/500px-Megan_Amram_in_2012_%28cropped%29.jpg
Megan Ganz,,,https://en.wikipedia.org/wiki/Megan_Ganz,https://upload.wikimedia.org/wikipedia/commons/thumb/e/e3/Megan_Ganz_%282012%29_%28cropped%29.jpg/500px-Megan_Ganz_%282012%29_%28cropped%29.jpg
Michael Engler,,,https://en.wikipedia.org/wiki/Michael_Engler,https://upload.wikimedia.org/wikipedia/commons/e/e9/Michael_Engler%2C_October_2019.jpg
Michael McCullers,,,https://en.wikipedia.org/wiki/Michael_McCullers,Not Found
Michael Patrick Jann,,,https://en.wikipedia.org/wiki/Michael_Patrick_Jann,Not Found
Michael Schur,,,https://en.wikipedia.org/wiki/Michael_Schur,https://upload.wikimedia.org/wikipedia/commons/0/07/Michael_Schur_2012_%28cropped%29.jpg
Michael Slovis,,,https://en.wikipedia.org/wiki/Michael_Slovis,https://upload.wikimedia.org/wikipedia/commons/thumb/f/f2/Michael_Slovis_%28cropped%29.jpg/500px-Michael_Slovis_%28cropped%29.jpg
Michael Spiller,,,https://en.wikipedia.org/wiki/Michael_Spiller,Not Found
Michael Trim,,,https://en.wikipedia.org/wiki/Michael_Trim,Not Found
Miguel Arteta,,,https://en.wikipedia.org/wiki/Miguel_Arteta,Not Found
Mike Scully,,,https://en.wikipedia.org/wiki/Mike_Scully,https://upload.wikimedia.org/wikipedia/commons/thumb/2/25/Mike_Scully_by_Gage_Skidmore.jpg/500px-Mike_Scully_by_Gage_Skidmore.jpg
Millicent Shelton,,,https://en.wikipedia.org/wiki/Millicent_Shelton,Not Found
Mindy Kaling,,,https://en.wikipedia.org/wiki/Mindy_Kaling,https://upload.wikimedia.org/wikipedia/commons/thumb/7/7b/Mindy_Kaling_by_Claire_Leahy_%28cropped%29.jpg/500px-Mindy_Kaling_by_Claire_Leahy_%28cropped%29.jpg
Monica Padrick,,,https://en.wikipedia.org/wiki/Praise_Petey,Not Found
Morgan Sackett,,,https://en.wikipedia.org/wiki/Morgan_Sackett,Not Found
Nat Faxon,,,https://en.wikipedia.org/wiki/Nat_Faxon,https://upload.wikimedia.org/wikipedia/commons/thumb/2/2a/Nat_Faxon_July_14%2C_2014_%28cropped%29.jpg/500px-Nat_Faxon_July_14%2C_2014_%28cropped%29.jpg
Nate DiMeo,,,https://en.wikipedia.org/wiki/Nate_DiMeo,https://upload.wikimedia.org/wikipedia/commons/thumb/8/89/Nate_DiMeo_at_Solid_State_Books.jpg/500px-Nate_DiMeo_at_Solid_State_Books.jpg
Neil Goldman,,,https://en.wikipedia.org/wiki/Neil_Goldman,Not Found
Nick Offerman,,,https://en.wikipedia.org/wiki/Nick_Offerman,https://upload.wikimedia.org/wikipedia/commons/thumb/0/02/Nick_Offerman_2022_National_Book_Festival_%2852342575962%29_%28cropped%29.jpg/500px-Nick_Offerman_2022_National_Book_Festival_%2852342575962%29_%28cropped%29.jpg
Nicole Holofcener,,,https://en.wikipedia.org/wiki/Nicole_Holofcener,https://upload.wikimedia.org/wikipedia/commons/thumb/1/19/58th_Karlovy_Vary_International_Film_Festival%2C_Nicole_Holofcener_06.jpg/500px-58th_Karlovy_Vary_International_Film_Festival%2C_Nicole_Holofcener_06.jpg
Niki Schwartz-Wright,,,https://en.wikipedia.org/wiki/Nobody_Wants_This,Not Found
Nina Pedrad,,,https://en.wikipedia.org/wiki/Nasim_Pedrad,https://upload.wikimedia.org/wikipedia/commons/thumb/7/7f/Nasim_Pedrad.jpg/500px-Nasim_Pedrad.jpg
Norm Hiscock,,,https://en.wikipedia.org/wiki/Norm_Hiscock,https://upload.wikimedia.org/wikipedia/commons/thumb/8/85/Norm_Hiscock_parks_and_recreation.jpg/500px-Norm_Hiscock_parks_and_recreation.jpg
Owen Ellickson,,,https://en.wikipedia.org/wiki/List_of_Superstore_episodes,Not Found
Parker Deay,,,https://en.wikipedia.org/wiki/List_of_American_Dad!_episodes,https://upload.wikimedia.org/wikipedia/commons/thumb/4/4d/American_dad_logo.svg/500px-American_dad_logo.svg.png
Paul Feig,,,https://en.wikipedia.org/wiki/Paul_Feig,https://upload.wikimedia.org/wikipedia/commons/thumb/8/8d/Paul_Feig_2024.jpg/500px-Paul_Feig_2024.jpg
Paul Lieberstein,,,https://en.wikipedia.org/wiki/Paul_Lieberstein,https://upload.wikimedia.org/wikipedia/commons/thumb/a/af/PaulLieberstein.jpg/500px-PaulLieberstein.jpg
Paula Pell,,,https://en.wikipedia.org/wiki/Paula_Pell,https://upload.wikimedia.org/wikipedia/commons/thumb/e/e9/Paula_Pell_on_Employee_of_the_Month.jpg/500px-Paula_Pell_on_Employee_of_the_Month.jpg
Peter Ocko,,,https://en.wikipedia.org/wiki/Peter_Ocko,Not Found
Rachel Axler,,,https://en.wikipedia.org/wiki/Rachel_Axler,https://upload.wikimedia.org/wikipedia/en/0/00/Rachel_Axler.jpg
Rachna Fruchbom,,,https://en.wikipedia.org/wiki/And_Just_Like_That...,Not Found
Rainn Wilson,,,https://en.wikipedia.org/wiki/Rainn_Wilson,https://upload.wikimedia.org/wikipedia/commons/thumb/6/68/Rainn_Wilson_2011_Shankbone_2.JPG/500px-Rainn_Wilson_2011_Shankbone_2.JPG
Randall Einhorn,,,https://en.wikipedia.org/wiki/Randall_Einhorn,https://upload.wikimedia.org/wikipedia/commons/thumb/e/e3/Randall_Einhorn_by_Gage_Skidmore.jpg/500px-Randall_Einhorn_by_Gage_Skidmore.jpg
Reggie Hudlin,,,https://en.wikipedia.org/wiki/Reginald_Hudlin,https://upload.wikimedia.org/wikipedia/commons/thumb/c/cf/10.5.17ReginaldHudlinByLuigiNovi1.jpg/500px-10.5.17ReginaldHudlinByLuigiNovi1.jpg
Richard Ayoade,,,https://en.wikipedia.org/wiki/Richard_Ayoade,https://upload.wikimedia.org/wikipedia/commons/thumb/d/d8/Richard_Ayoade_20241205.jpg/500px-Richard_Ayoade_20241205.jpg
Richard Shepard,,,https://en.wikipedia.org/wiki/Richard_Shepard,Not Found
Ricky Gervais,,,https://en.wikipedia.org/wiki/Ricky_Gervais,https://upload.wikimedia.org/wikipedia/commons/thumb/8/84/GervaisPall230921_%2815_of_17%29_%2851527411486%29_%28cropped%29.jpg/500px-GervaisPall230921_%2815_of_17%29_%2851527411486%29_%28cropped%29.jpg
Rob Schrab,,,https://en.wikipedia.org/wiki/Rob_Schrab,https://upload.wikimedia.org/wikipedia/commons/thumb/9/9b/Rob_Schrab.jpg/500px-Rob_Schrab.jpg
Robert B. Weide,,,https://en.wikipedia.org/wiki/Robert_B._Weide,Not Found
Robert Carlock,,,https://en.wikipedia.org/wiki/Robert_Carlock,Not Found
Robert Padnick,,,https://en.wikipedia.org/wiki/Dwight_Christmas,Not Found
Rodman Flender,,,https://en.wikipedia.org/wiki/Rodman_Flender,Not Found
Roger Nygard,,,https://en.wikipedia.org/wiki/Roger_Nygard,https://upload.wikimedia.org/wikipedia/commons/thumb/7/7d/Roger_Nygard_at_the_2011_Humanist_Film_Festival.jpg/500px-Roger_Nygard_at_the_2011_Humanist_Film_Festival.jpg
Ron Weiner,,,https://en.wikipedia.org/wiki/Ron_Weiner,Not Found
Ryan Koh,,,https://en.wikipedia.org/wiki/Ryan_Koh,Not Found
Ryan Ridley,,,https://en.wikipedia.org/wiki/Renfield_(film),Not Found
Sam Means,,,https://en.wikipedia.org/wiki/Sam_Means,Not Found
Scott Ellis,,,https://en.wikipedia.org/wiki/Scott_Ellis,Not Found
Seth Gordon,,,https://en.wikipedia.org/wiki/Seth_Gordon,https://upload.wikimedia.org/wikipedia/commons/thumb/c/cf/Seth_Gordon_at_PaleyFest_Fall_TV_Previews_2014.jpg/500px-Seth_Gordon_at_PaleyFest_Fall_TV_Previews_2014.jpg
Seth Gordon Harold Ramis,,,https://en.wikipedia.org/wiki/The_Delivery_(The_Office),Not Found
Sona Panos,,,https://en.wikipedia.org/wiki/Critical_Film_Studies,Not Found
Stephen Lee Davis,,,"https://en.wikipedia.org/wiki/Don_Geiss,_America_and_Hope",Not Found
Stephen Merchant,,,https://en.wikipedia.org/wiki/Stephen_Merchant,https://upload.wikimedia.org/wikipedia/commons/thumb/c/c9/StephenMerchantAltNov09.jpg/500px-StephenMerchantAltNov09.jpg
Steve Basilone,,,https://en.wikipedia.org/wiki/Long_Weekend_(2021_film),Not Found
Steve Buscemi,,,https://en.wikipedia.org/wiki/Steve_Buscemi,https://upload.wikimedia.org/wikipedia/commons/thumb/3/34/Steve_Buscemi_crop.jpg/500px-Steve_Buscemi_crop.jpg
Steve Carell,,,https://en.wikipedia.org/wiki/Steve_Carell,https://upload.wikimedia.org/wikipedia/commons/thumb/b/bb/Steve_Carell_in_2021_%28cropped%29.jpg/500px-Steve_Carell_in_2021_%28cropped%29.jpg
Steve Hely,,,https://en.wikipedia.org/wiki/Steve_Hely,Not Found
Steven Sprung,,,https://en.wikipedia.org/wiki/Sprung_(TV_series),Not Found
Steven Tsuchida,,,https://en.wikipedia.org/wiki/Steven_Tsuchida,Not Found
Tami Sagher,,,https://en.wikipedia.org/wiki/Tami_Sagher,https://upload.wikimedia.org/wikipedia/commons/5/54/Tami_Sagher_at_Don%27t_Think_Twice_premiere_%28cropped%29.jpg
Tim Hobert,,,https://en.wikipedia.org/wiki/Michael_Hobert,Not Found
Tim McAuliffe,,,https://en.wikipedia.org/wiki/Tim_McAuliffe,Not Found
Tim Saccardo,,,https://en.wikipedia.org/wiki/Tim_Saccardo,https://upload.wikimedia.org/wikipedia/commons/thumb/d/dc/CommunityWritersP5.jpg/500px-CommunityWritersP5.jpg
Tina Fey,,,https://en.wikipedia.org/wiki/Tina_Fey,https://upload.wikimedia.org/wikipedia/commons/thumb/a/aa/TinaFey-byPhilipRomano.jpg/500px-TinaFey-byPhilipRomano.jpg
Todd Holland,,,https://en.wikipedia.org/wiki/Todd_Holland,Not Found
Tom Ceraulo,,,https://en.wikipedia.org/wiki/Tenet_(film),Not Found
Tom Magill,,,https://en.wikipedia.org/wiki/Moxie_(film),Not Found
Tracey Wigfield,,,https://en.wikipedia.org/wiki/Tracey_Wigfield,Not Found
Tricia Brock,,,https://en.wikipedia.org/wiki/Tricia_Brock,https://upload.wikimedia.org/wikipedia/commons/thumb/1/17/Superchickdallas2008.JPG/500px-Superchickdallas2008.JPG
Tristram Shapeero,,,https://en.wikipedia.org/wiki/Tristram_Shapeero,Not Found
Troy Miller,,,https://en.wikipedia.org/wiki/Troy_Miller,Not Found
Tucker Cawley,,,https://en.wikipedia.org/wiki/Tucker_Cawley,Not Found
Tucker Gates,,,https://en.wikipedia.org/wiki/Tucker_Gates,Not Found
Vali Chandrasekaran,,,https://en.wikipedia.org/wiki/Deli_Boys,Not Found
Vera Santamaria,,,https://en.wikipedia.org/wiki/How_to_Die_Alone,Not Found
Victor Nelli Jr.,,,https://en.wikipedia.org/wiki/Victor_Nelli_Jr.,Not Found
Warren Lieberstein,,,https://en.wikipedia.org/wiki/Warren_Lieberstein,Not Found
Wendey Stanzler,,,https://en.wikipedia.org/wiki/Wendey_Stanzler,Not Found
Zach Paez,,,https://en.wikipedia.org/wiki/List_of_Gravity_Falls_episodes,https://upload.wikimedia.org/wikipedia/commons/thumb/4/41/Alex_Hirsch_and_Grunkle_Stan_puppet_at_San_Diego_Comic-Con_International_2013.jpg/500px-Alex_Hirsch_and_Grunkle_Stan_puppet_at_San_Diego_Comic-Con_International_2013.jpg
